{
    "farm_boundary": [
        [
            [
                28.434454861634187,
                77.31402039527894
            ],
            [
                28.434759071168653,
                77.31400161981584
            ]
        ],
        [
            [
                28.434759071168653,
                77.31400161981584
            ],
            [
                28.434775578637765,
                77.31447637081148
            ]
        ],
        [
            [
                28.434775578637765,
                77.31447637081148
            ],
            [
                28.43441241372261,
                77.31446832418443
            ]
        ]
    ],
    "Application_width": 2.2,
    "Turning_radius": 4.4,
    "Tractor_wheelbase": 2.0,
    "path_points": [
        [
            28.43475918414787,
            77.31443116065192
        ],
        [
            28.43474210693222,
            77.3140476814022
        ],
        [
            28.434700496856724,
            77.31400523467953
        ],
        [
            28.434680769601464,
            77.31400645222816
        ],
        [
            28.434643443643644,
            77.31405377078208
        ],
        [
            28.43466020866108,
            77.31442896823341
        ],
        [
            28.43469895748431,
            77.31447478378479
        ],
        [
            28.434699100681986,
            77.31447478695748
        ],
        [
            28.43473938906948,
            77.31443072216669
        ],
        [
            28.43472237425556,
            77.3140488992803
        ],
        [
            28.434680764180467,
            77.31400645256501
        ],
        [
            28.434661036973118,
            77.31400767011023
        ],
        [
            28.434623711014854,
            77.31405498865486
        ],
        [
            28.43464041353476,
            77.31442852975205
        ],
        [
            28.43467916235962,
            77.31447434529306
        ],
        [
            28.43467930559577,
            77.31447434846662
        ],
        [
            28.434719593981704,
            77.31443028368221
        ],
        [
            28.434702641588274,
            77.31405011715732
        ],
        [
            28.43466103151358,
            77.31400767044946
        ],
        [
            28.434641304354656,
            77.31400888799119
        ],
        [
            28.434603978395945,
            77.31405620652656
        ],
        [
            28.434620618398544,
            77.31442809127144
        ],
        [
            28.434659367225017,
            77.31447390680212
        ],
        [
            28.434659510500076,
            77.31447390997651
        ],
        [
            28.434699798884452,
            77.31442984519852
        ],
        [
            28.43468290893046,
            77.3140513350333
        ],
        [
            28.434641298856164,
            77.31400888833284
        ],
        [
            28.434621571746188,
            77.31401010587109
        ],
        [
            28.43458424578703,
            77.31405742439718
        ],
        [
            28.43460082325233,
            77.31442765279166
        ],
        [
            28.434639572080474,
            77.31447346831195
        ],
        [
            28.434639715394823,
            77.31447347148722
        ],
        [
            28.434680003777604,
            77.31442940671558
        ],
        [
            28.434663176282214,
            77.31405255290824
        ],
        [
            28.43462156620833,
            77.31401010621516
        ],
        [
            28.434601839147817,
            77.3140113237499
        ],
        [
            28.434564513188203,
            77.31405864226669
        ],
        [
            28.434581028096005,
            77.31442721431269
        ],
        [
            28.434540739722358,
            77.3144712790539
        ],
        [
            28.434520800996424,
            77.31447083738864
        ],
        [
            28.434482052158792,
            77.31442502193016
        ],
        [
            28.434465850349493,
            77.31406473159753
        ],
        [
            28.434503176311836,
            77.31401741312763
        ],
        [
            28.434503170528156,
            77.31401741348643
        ],
        [
            28.434544780599595,
            77.31405986013509
        ],
        [
            28.434561232929454,
            77.31442677583452
        ],
        [
            28.434520944555658,
            77.31447084056731
        ],
        [
            28.434540596204833,
            77.31447127587222
        ],
        [
            28.43450184736736,
            77.31442546040499
        ],
        [
            28.434485582896137,
            77.31406351373361
        ],
        [
            28.434522908858902,
            77.31401619525533
        ],
        [
            28.434483437950252,
            77.31401863136115
        ],
        [
            28.434525048021307,
            77.3140610780024
        ],
        [
            28.434541437752568,
            77.31442633735719
        ],
        [
            28.434501149378587,
            77.31447040208153
        ],
        [
            28.434560391402528,
            77.31447171435666
        ],
        [
            28.43452164256525,
            77.31442589888066
        ],
        [
            28.43450531545345,
            77.31406229586857
        ]
    ]
}